feature,mean_importance
feature_1,0.0005606350622758188
feature_4,0.03756145206623625
feature_5,0.16983040428719903
feature_3,0.18217148581728865
feature_2,0.30741451992813557
feature_6,1.0254312361550482
