feature,shap_importance
feature_6,0.64441943
feature_3,0.20097199
feature_5,0.14645305
feature_2,0.13590701
feature_4,0.05831926
feature_1,0.0060643596
