feature,mean_importance
feature_1,-0.0002063839634146719
feature_4,0.029481935686279416
feature_5,0.12960347203454897
feature_2,0.15163905829840968
feature_3,0.18020516114135166
feature_6,1.24422787468466
