feature,shap_importance
feature_6,0.626723753259089
feature_3,0.13852844110959803
feature_2,0.07226930133627207
feature_5,0.03603835579123934
feature_4,0.006616133308118422
feature_1,0.0
