feature,mean_importance
feature_1,0.0
feature_4,0.0016342182300943975
feature_5,0.022203063985308857
feature_2,0.0716256616036745
feature_3,0.09373452191733554
feature_6,1.1652858307524767
