feature,shap_importance
feature_4,0.2507905805081871
feature_3,0.14339567923961144
feature_5,0.07253750282340454
feature_6,0.03810040552172654
feature_1,0.015838234583435074
feature_2,0.00640972043346287
