feature,mean_importance
feature_2,-0.0004974956946312226
feature_1,-0.00025141690673533554
feature_5,0.021016718551768565
feature_6,0.03780473623080423
feature_3,0.045278505245485864
feature_4,0.19069039918624384
